Name,Address,Phone,Email
Athtar Leodithas,"803 Fulton Street
Thomas, WV 26296",304-463-5255,athtar.leodithas@cooper.edu
Vesryn Zinrieth,"3644 Leo Street
Denver, CO 80202
",720-913-4438,Vesryn.Zinrieth@COOPER.edu
Ailwin Beineiros,"3925 Newton Street
Saint Cloud, MN, 56303",320-338-7793,Ailwin.Beineiros@gmail.com
Tanathil Dorrie,"595 Cerullo Road
Louisville, KY, 40242",502-412-3021,Tanathil@yahoo.com
Buckminster Monstermash,"4558 Doe Meadow Drive
Annapolis Junction, MD, 20701",301-520-4711,monster@mash.net
David Jonathan Ross,"1235 Something Something, Conway, MA, 01341 USA BLAH BLAH BALH",230-239-1020,david@djr.com
Athtar Leodithas,"803 Fulton Street
Thomas, WV 26296",304-463-5255,athtar.leodithas@cooper.edu
Vesryn Zinrieth,"3644 Leo Street
Denver, CO 80202
",720-913-4438,Vesryn.Zinrieth@COOPER.edu
Ailwin Beineiros,"3925 Newton Street
Saint Cloud, MN, 56303",320-338-7793,Ailwin.Beineiros@gmail.com
Tanathil Dorrie,"595 Cerullo Road
Louisville, KY, 40242",502-412-3021,Tanathil@yahoo.com
Buckminster Monstermash,"4558 Doe Meadow Drive
Annapolis Junction, MD, 20701",301-520-4711,monster@mash.net
David Jonathan Ross,"1235 Something Something, Conway, MA, 01341 USA BLAH BLAH BALH",230-239-1020,david@djr.com